id,first_name,last_name,email,avatar
1,George,Bluth,george.bluth@reqres.in,https://reqres.in/img/faces/1-image.jpg
2,Janet,Weaver,janet.weaver@reqres.in,https://reqres.in/img/faces/2-image.jpg
3,Emma,Wong,emma.wong@reqres.in,https://reqres.in/img/faces/3-image.jpg
4,Eve,Holt,eve.holt@reqres.in,https://reqres.in/img/faces/4-image.jpg
5,Charles,Morris,charles.morris@reqres.in,https://reqres.in/img/faces/5-image.jpg
6,Tracey,Ramos,tracey.ramos@reqres.in,https://reqres.in/img/faces/6-image.jpg
